<!-- Copyright (c) 2017 Istio Authors
  Licensed under the Apache License, Version 2.0 (the "License");
  you may not use this file except in compliance with the License.
  You may obtain a copy of the License at
     http://www.apache.org/licenses/LICENSE-2.0
  Unless required by applicable law or agreed to in writing, software
  distributed under the License is distributed on an "AS IS" BASIS,
  WITHOUT WARRANTIES OR CONDITIONS OF ANY KIND, either express or implied.
  See the License for the specific language governing permissions and
  limitations under the License.-->
<server description="Sample Liberty server">

    <featureManager>
        <feature>jaxrs-2.0</feature>
        <feature>jsonp-1.0</feature>
    </featureManager>

    <httpEndpoint host="*" httpPort="9080" httpsPort="-1"
                  id="defaultHttpEndpoint"/>

    <webContainer deferServletLoad="false"/>
    <applicationMonitor dropinsEnabled="false" updateTrigger="mbean"/>
    <config updateTrigger="mbean"/>


    <executor coreThreads="5"/>

    <webApplication contextRoot="/" id="feedscraper-app" location="feed-scraper-0.0.1-SNAPSHOT.war" name="feedscraper-app"/>

</server>
